id,first_name,last_name,email,gender,ip_address
1,Maryrose,Simmon,msimmon0@eventbrite.com,Non-binary,114.218.55.156
2,Ruddie,Dowsing,rdowsing1@deviantart.com,Male,93.225.70.229
3,Raymond,Harcourt,rharcourt2@g.co,Polygender,85.107.124.118
4,Gare,de la Tremoille,gdelatremoille3@list-manage.com,Polygender,174.175.2.81
5,Rudie,Kneller,rkneller4@psu.edu,Polygender,20.64.173.155
6,Amalie,Rendall,arendall5@census.gov,Genderfluid,201.186.170.178
7,Babette,Tuckie,btuckie6@t-online.de,Male,63.80.89.1
8,Mandy,Hamments,mhamments7@xrea.com,Agender,99.113.230.96
9,Barbabra,Tschersich,btschersich8@japanpost.jp,Agender,243.161.33.10
10,Eleanor,Gilston,egilston9@bloomberg.com,Genderqueer,137.149.56.195
11,Teodoor,Petry,tpetrya@engadget.com,Polygender,138.21.140.139
12,Marita,Ruvel,mruvelb@4shared.com,Agender,106.1.167.232
13,Chrystel,Pennuzzi,cpennuzzic@yolasite.com,Polygender,228.203.58.10
14,Crista,Assur,cassurd@mit.edu,Agender,146.69.186.170
15,Hettie,Ivamy,hivamye@php.net,Bigender,204.236.156.121
16,Claretta,Shah,cshahf@unc.edu,Bigender,72.164.89.52
17,Reynard,Ruffler,rrufflerg@hexun.com,Agender,205.22.151.218
18,Suzanna,Beagan,sbeaganh@is.gd,Bigender,51.157.101.154
19,Jayme,Bernot,jbernoti@sphinn.com,Agender,204.126.235.166
20,Hildagard,Paulmann,hpaulmannj@behance.net,Bigender,130.89.252.1
21,Ronny,Mion,rmionk@columbia.edu,Genderfluid,217.11.119.56
22,Antonius,Lissandrini,alissandrinil@narod.ru,Polygender,236.39.153.34
23,Noemi,Halcro,nhalcrom@friendfeed.com,Non-binary,152.52.106.142
24,Nessa,Chatan,nchatann@netvibes.com,Polygender,186.204.102.208
25,Jessica,Rablan,jrablano@npr.org,Bigender,163.128.226.10
26,Karrah,O'Hara,koharap@slashdot.org,Female,200.7.237.16
27,Jori,Davitt,jdavittq@dailymotion.com,Female,15.121.144.94
28,Carri,Orridge,corridger@vimeo.com,Genderqueer,215.53.117.86
29,Gwennie,Badgers,gbadgerss@nature.com,Bigender,77.91.173.149
30,Heidie,Cornwall,hcornwallt@dion.ne.jp,Female,197.83.194.151
31,Denney,Braybrook,dbraybrooku@oakley.com,Male,54.246.168.88
32,Amalle,Dodgshun,adodgshunv@columbia.edu,Polygender,44.189.18.65
33,Andrea,Reskelly,areskellyw@photobucket.com,Polygender,116.29.228.219
34,Inna,Pinilla,ipinillax@gravatar.com,Bigender,125.102.22.63
35,Raychel,Longmaid,rlongmaidy@nymag.com,Bigender,144.65.185.13
36,Faber,Porson,fporsonz@discuz.net,Agender,204.117.1.135
37,Ranique,Borrie,rborrie10@walmart.com,Bigender,101.254.97.199
38,Lishe,Gingold,lgingold11@slashdot.org,Bigender,201.6.132.19
39,Connor,Brunone,cbrunone12@state.gov,Genderqueer,159.70.107.117
40,Christi,Pedri,cpedri13@webs.com,Bigender,118.51.15.239
41,Antonius,Panons,apanons14@google.co.uk,Agender,12.252.24.155
42,Karlee,Argabrite,kargabrite15@wiley.com,Female,236.163.74.80
43,Jorgan,Nuschke,jnuschke16@washingtonpost.com,Female,225.30.6.120
44,Letitia,McCreath,lmccreath17@cdc.gov,Non-binary,138.84.173.210
45,Audrey,Dionsetti,adionsetti18@uiuc.edu,Agender,116.79.174.70
46,Jill,Earengey,jearengey19@typepad.com,Polygender,29.62.75.8
47,Afton,Berr,aberr1a@live.com,Polygender,112.139.22.232
48,Heath,Baskeyfied,hbaskeyfied1b@fc2.com,Genderqueer,162.31.58.155
49,Ambur,Rawstorne,arawstorne1c@ebay.com,Genderfluid,241.133.168.7
50,Marian,Loveland,mloveland1d@indiatimes.com,Polygender,43.201.109.98
51,Coralyn,Tabner,ctabner1e@youtube.com,Genderqueer,232.114.109.205
52,Filberte,Winear,fwinear1f@dailymotion.com,Non-binary,4.125.173.160
53,Enrika,Gourdon,egourdon1g@digg.com,Polygender,235.153.56.184
54,Gorden,Bog,gbog1h@indiegogo.com,Male,79.254.117.215
55,Kipper,Pickless,kpickless1i@npr.org,Bigender,183.173.59.83
56,Orly,Fleg,ofleg1j@youtu.be,Female,178.64.126.207
57,Grete,Candlish,gcandlish1k@gizmodo.com,Female,48.171.26.45
58,Lisette,Ackroyd,lackroyd1l@businessinsider.com,Genderqueer,107.2.91.203
59,Sondra,Andreolli,sandreolli1m@stanford.edu,Genderqueer,70.242.43.251
60,Hortensia,Hembling,hhembling1n@telegraph.co.uk,Female,220.183.156.79
61,Burgess,Lissandri,blissandri1o@friendfeed.com,Non-binary,231.206.118.106
62,Jerrome,Meekings,jmeekings1p@weebly.com,Polygender,4.117.199.194
63,Mendel,Gamell,mgamell1q@joomla.org,Genderfluid,127.49.52.76
64,Myra,Fossick,mfossick1r@phpbb.com,Genderqueer,136.29.35.220
65,Adelle,Braun,abraun1s@google.com.hk,Female,47.80.154.161
66,Candie,Bartolic,cbartolic1t@yolasite.com,Genderqueer,130.47.186.69
67,Rollins,Southwell,rsouthwell1u@jigsy.com,Non-binary,112.234.143.61
68,Cesaro,Krauze,ckrauze1v@moonfruit.com,Genderfluid,76.238.56.114
69,Jake,Fadell,jfadell1w@ted.com,Agender,244.158.44.93
70,Bryana,Chessel,bchessel1x@npr.org,Bigender,90.110.81.162
71,Bailie,Narbett,bnarbett1y@prnewswire.com,Polygender,233.35.25.156
72,Lonni,Pennyman,lpennyman1z@disqus.com,Genderqueer,209.1.12.210
73,Inger,Napolione,inapolione20@marketwatch.com,Genderfluid,167.132.35.190
74,Billy,Grzeszczyk,bgrzeszczyk21@woothemes.com,Genderqueer,17.89.195.21
75,Maison,Buscombe,mbuscombe22@linkedin.com,Genderfluid,173.247.139.225
76,Minette,Brayley,mbrayley23@dot.gov,Genderqueer,102.31.194.244
77,Zorana,Alchin,zalchin24@deliciousdays.com,Female,71.30.11.110
78,Madonna,Causton,mcauston25@huffingtonpost.com,Genderqueer,93.77.18.71
79,Salli,Micheli,smicheli26@apache.org,Genderqueer,206.246.199.149
80,Nealy,Ivasechko,nivasechko27@blogs.com,Genderfluid,94.61.181.109
81,Adora,Longhi,alonghi28@wikia.com,Non-binary,110.223.77.32
82,Beilul,Whelband,bwhelband29@sina.com.cn,Non-binary,159.214.54.157
83,Del,Darinton,ddarinton2a@altervista.org,Agender,2.43.48.84
84,Roxi,Soaper,rsoaper2b@umn.edu,Genderqueer,3.217.195.180
85,Kata,Mockes,kmockes2c@ameblo.jp,Male,35.130.227.67
86,Isidoro,Gilburt,igilburt2d@rakuten.co.jp,Bigender,46.194.39.252
87,Armstrong,Seviour,aseviour2e@chicagotribune.com,Male,204.16.13.140
88,Davina,Dikes,ddikes2f@amazon.co.uk,Polygender,37.101.127.52
89,Giulio,Casillis,gcasillis2g@g.co,Female,89.138.204.163
90,Bambi,Ewens,bewens2h@ebay.co.uk,Genderqueer,38.204.40.188
91,Burch,Androck,bandrock2i@xinhuanet.com,Polygender,206.220.152.8
92,Eric,Lyal,elyal2j@networkadvertising.org,Genderqueer,101.8.106.94
93,Ruddie,Snoddin,rsnoddin2k@ihg.com,Male,160.82.145.58
94,Saunders,Jacquemy,sjacquemy2l@disqus.com,Agender,75.115.141.70
95,Halsy,Howsden,hhowsden2m@gmpg.org,Female,20.165.251.53
96,Delora,Drew,ddrew2n@unc.edu,Polygender,28.8.151.223
97,Bradford,Fisbburne,bfisbburne2o@bizjournals.com,Genderqueer,173.123.18.62
98,Helenelizabeth,Witherop,hwitherop2p@spotify.com,Genderfluid,42.22.37.112
99,Jaquenette,Daile,jdaile2q@123-reg.co.uk,Genderfluid,164.73.55.235
100,Timothea,Pitney,tpitney2r@lulu.com,Female,39.242.48.131
101,Zsazsa,Forton,zforton2s@weather.com,Genderqueer,119.10.200.163
102,Kayne,Lynnett,klynnett2t@about.com,Bigender,96.177.228.96
103,Charisse,Gofford,cgofford2u@dedecms.com,Genderqueer,199.219.225.68
104,Darren,Sherington,dsherington2v@cbsnews.com,Genderfluid,237.186.124.33
105,Keefer,Ronayne,kronayne2w@ebay.com,Genderfluid,107.162.84.186
106,Idell,Richens,irichens2x@spotify.com,Polygender,99.26.205.58
107,Kienan,Bound,kbound2y@constantcontact.com,Female,33.12.42.107
108,Aland,McGettigan,amcgettigan2z@patch.com,Agender,225.133.35.190
109,Brana,Watkin,bwatkin30@vinaora.com,Female,129.90.218.130
110,Timothee,Haggath,thaggath31@example.com,Bigender,246.38.65.133
111,Harri,Shurmer,hshurmer32@360.cn,Genderfluid,65.36.52.254
112,Marlie,Allinson,mallinson33@1und1.de,Genderqueer,25.236.202.61
113,Granthem,Trippett,gtrippett34@example.com,Polygender,249.222.26.186
114,Nady,Tuxill,ntuxill35@yahoo.com,Agender,23.178.157.159
115,Brodie,Abramin,babramin36@seattletimes.com,Genderfluid,42.190.76.170
116,Freddi,Klass,fklass37@bbc.co.uk,Genderfluid,229.157.98.178
117,Sophi,Rollinshaw,srollinshaw38@xrea.com,Male,54.187.196.148
118,Dolli,Pellman,dpellman39@gravatar.com,Genderqueer,92.15.41.153
119,Dewey,O'Curran,docurran3a@springer.com,Agender,199.214.103.187
120,Burty,Alldred,balldred3b@squidoo.com,Male,2.189.3.72
121,Jayme,Shallow,jshallow3c@google.com.hk,Agender,54.56.178.155
122,Catlaina,MacGraith,cmacgraith3d@123-reg.co.uk,Female,189.136.249.219
123,Nerte,Venable,nvenable3e@economist.com,Male,155.157.190.143
124,Elly,Bourgourd,ebourgourd3f@paypal.com,Bigender,104.235.177.60
125,Daisie,Jannex,djannex3g@ezinearticles.com,Polygender,26.51.20.85
126,Herrick,Strotton,hstrotton3h@histats.com,Genderfluid,80.80.204.96
127,Modesty,Burnup,mburnup3i@infoseek.co.jp,Bigender,75.117.155.102
128,Urban,Killbey,ukillbey3j@ow.ly,Polygender,206.168.238.122
129,Pierette,Andrzejczak,pandrzejczak3k@wikimedia.org,Genderfluid,32.234.94.112
130,Ira,Mandres,imandres3l@ameblo.jp,Genderfluid,234.133.84.242
131,Uri,Shutt,ushutt3m@microsoft.com,Non-binary,123.208.200.170
132,Mortimer,Heffron,mheffron3n@umn.edu,Genderqueer,28.169.110.70
133,Madeline,Stiles,mstiles3o@webs.com,Agender,172.113.244.189
134,Syd,Liversidge,sliversidge3p@rakuten.co.jp,Genderqueer,166.228.187.219
135,Tristan,Gifford,tgifford3q@yahoo.com,Male,120.202.105.116
136,Timi,Wenman,twenman3r@moonfruit.com,Male,27.219.254.214
137,Arleen,McLagain,amclagain3s@youtube.com,Male,73.29.207.74
138,Vale,Levison,vlevison3t@blogspot.com,Polygender,242.28.175.213
139,Joyous,Tipper,jtipper3u@shop-pro.jp,Bigender,208.206.230.143
140,Malchy,Olorenshaw,molorenshaw3v@mtv.com,Genderfluid,8.58.196.126
141,Marietta,Darnbrough,mdarnbrough3w@baidu.com,Bigender,247.104.203.14
142,Anne-corinne,Champe,achampe3x@yale.edu,Polygender,252.216.116.226
143,Wald,Tesimon,wtesimon3y@storify.com,Bigender,39.135.165.237
144,Adelice,Filchakov,afilchakov3z@surveymonkey.com,Non-binary,83.98.189.60
145,Guillaume,Antonovic,gantonovic40@usatoday.com,Polygender,6.104.108.76
146,Baxter,Lambregts,blambregts41@canalblog.com,Agender,129.179.14.102
147,Blondie,Hulburt,bhulburt42@about.me,Female,45.204.31.89
148,Zorah,Flipsen,zflipsen43@paginegialle.it,Genderfluid,73.119.44.122
149,Olimpia,Thurley,othurley44@miibeian.gov.cn,Polygender,71.13.155.125
150,Kerianne,Helkin,khelkin45@wix.com,Genderqueer,158.28.16.61
151,Chauncey,Drohun,cdrohun46@usa.gov,Genderqueer,30.202.49.236
152,Adi,Martinson,amartinson47@xinhuanet.com,Male,177.109.111.5
153,Michelina,Delagua,mdelagua48@google.nl,Non-binary,60.189.143.170
154,Rafi,Stonebanks,rstonebanks49@loc.gov,Female,171.175.133.18
155,Daile,Sowood,dsowood4a@seattletimes.com,Bigender,161.224.182.253
156,Gay,Romaynes,gromaynes4b@networkadvertising.org,Polygender,80.240.112.141
157,Bryana,Iannuzzi,biannuzzi4c@deviantart.com,Genderfluid,39.55.116.147
158,Rosalie,Dobrowlski,rdobrowlski4d@artisteer.com,Male,157.128.205.110
159,Katie,Dogg,kdogg4e@addtoany.com,Bigender,119.167.28.77
160,Andie,Aikin,aaikin4f@state.tx.us,Non-binary,192.221.163.239
161,Baxie,Leisman,bleisman4g@github.com,Genderqueer,96.144.75.31
162,Selig,Gemlbett,sgemlbett4h@w3.org,Genderfluid,208.79.251.5
163,Agnesse,Castro,acastro4i@163.com,Male,120.141.199.115
164,Lina,Paradyce,lparadyce4j@foxnews.com,Polygender,217.66.92.174
165,Audrie,Tatteshall,atatteshall4k@pcworld.com,Female,131.59.40.137
166,Andros,Fadell,afadell4l@gnu.org,Genderfluid,54.88.110.186
167,Elisha,McGaraghan,emcgaraghan4m@qq.com,Genderfluid,94.54.49.181
168,Gibby,Grissett,ggrissett4n@yelp.com,Polygender,23.132.16.77
169,Crawford,Ward,cward4o@t-online.de,Bigender,251.193.168.183
170,Sapphira,Standfield,sstandfield4p@wufoo.com,Female,57.98.244.4
171,Delly,Sisland,dsisland4q@so-net.ne.jp,Agender,233.88.101.89
172,Casey,Lorincz,clorincz4r@exblog.jp,Non-binary,229.40.219.255
173,Alasdair,Garci,agarci4s@facebook.com,Polygender,199.117.44.11
174,Prudy,Clewett,pclewett4t@t-online.de,Genderfluid,206.217.41.255
175,Gifford,Spruce,gspruce4u@yellowpages.com,Genderqueer,34.53.137.212
176,Daisey,Dolder,ddolder4v@uol.com.br,Genderfluid,27.64.133.245
177,Avery,Hablet,ahablet4w@sphinn.com,Genderqueer,72.123.5.181
178,Pancho,Gelling,pgelling4x@kickstarter.com,Bigender,135.7.145.168
179,Arielle,Scurry,ascurry4y@harvard.edu,Genderqueer,143.155.136.91
180,Lissy,Jordin,ljordin4z@gravatar.com,Genderfluid,154.104.235.28
181,Klarrisa,Bowne,kbowne50@alibaba.com,Polygender,163.124.6.192
182,Tessy,McWhin,tmcwhin51@si.edu,Female,25.4.7.68
183,Mahalia,Widdowes,mwiddowes52@examiner.com,Polygender,211.52.109.229
184,Augustina,Whittock,awhittock53@furl.net,Male,102.100.230.235
185,Joete,Scanderet,jscanderet54@blog.com,Bigender,225.209.235.56
186,Harriot,Clingoe,hclingoe55@purevolume.com,Bigender,121.157.127.11
187,Iormina,Giraudo,igiraudo56@prweb.com,Genderfluid,241.153.73.17
188,Rhonda,Curm,rcurm57@ebay.com,Male,18.215.31.64
189,Bethena,McAvaddy,bmcavaddy58@blogtalkradio.com,Agender,177.19.83.254
190,Giffy,Keyson,gkeyson59@dagondesign.com,Genderfluid,114.87.8.154
191,Vanda,Cripin,vcripin5a@vimeo.com,Non-binary,169.154.7.117
192,Ramonda,Labden,rlabden5b@ftc.gov,Non-binary,231.4.10.246
193,Maxy,Peers,mpeers5c@xinhuanet.com,Agender,7.224.108.137
194,Tildy,Ireland,tireland5d@dion.ne.jp,Male,195.212.23.132
195,Silvio,Draper,sdraper5e@booking.com,Agender,28.208.13.227
196,Paulie,Bartalucci,pbartalucci5f@cafepress.com,Female,172.83.208.48
197,Stepha,Wyeth,swyeth5g@facebook.com,Polygender,175.137.118.176
198,Artemus,Riceards,ariceards5h@wiley.com,Non-binary,158.68.217.109
199,Sallie,Naulty,snaulty5i@auda.org.au,Non-binary,48.121.75.113
200,Alisun,Stollery,astollery5j@hhs.gov,Male,128.82.14.87
201,Padget,Murcott,pmurcott5k@blinklist.com,Male,127.236.183.126
202,Shani,Ivankin,sivankin5l@is.gd,Genderqueer,17.211.1.185
203,Francesco,Kershaw,fkershaw5m@hp.com,Bigender,180.153.184.91
204,Rawley,Ever,rever5n@mediafire.com,Female,113.139.207.51
205,Morgen,Bauchop,mbauchop5o@godaddy.com,Female,88.84.197.181
206,Carlie,Hessel,chessel5p@jugem.jp,Bigender,195.72.27.213
207,Neron,Popelay,npopelay5q@tripod.com,Female,118.231.157.47
208,Hildagard,Carss,hcarss5r@tuttocitta.it,Male,218.65.17.208
209,Benedetto,Treadgold,btreadgold5s@nymag.com,Agender,166.192.174.183
210,Kimball,Kreutzer,kkreutzer5t@a8.net,Male,120.138.39.114
211,Kelwin,Patemore,kpatemore5u@spotify.com,Genderqueer,168.179.180.27
212,Randee,Gregor,rgregor5v@hao123.com,Genderqueer,95.192.92.155
213,Lindy,Le-Good,llegood5w@phpbb.com,Non-binary,82.163.181.175
214,Yanaton,Le Fleming,ylefleming5x@springer.com,Genderfluid,115.36.185.124
215,Otis,Rushton,orushton5y@behance.net,Genderqueer,21.149.78.252
216,Lloyd,Parnall,lparnall5z@exblog.jp,Genderqueer,59.245.29.74
217,Hallsy,Spring,hspring60@taobao.com,Genderfluid,131.68.221.6
218,Myrwyn,Yter,myter61@webs.com,Bigender,167.6.57.83
219,Hannie,Freestone,hfreestone62@chronoengine.com,Polygender,176.79.70.180
220,Levy,Richel,lrichel63@domainmarket.com,Bigender,253.85.63.229
221,Inge,Filby,ifilby64@ow.ly,Agender,137.110.48.221
222,Jaime,Tomsa,jtomsa65@exblog.jp,Non-binary,19.220.84.76
223,Brendis,Zambonini,bzambonini66@t-online.de,Agender,171.94.178.41
224,Zelig,Gunstone,zgunstone67@skype.com,Agender,43.115.61.66
225,Isiahi,Nossent,inossent68@utexas.edu,Polygender,47.230.3.160
226,Marcel,Howen,mhowen69@purevolume.com,Genderqueer,85.78.28.89
227,Carmine,Float,cfloat6a@imdb.com,Non-binary,242.160.23.201
228,Ashlen,Woolvett,awoolvett6b@telegraph.co.uk,Bigender,38.139.194.179
229,Skyler,Posner,sposner6c@cmu.edu,Male,208.170.17.88
230,Hugh,Aitchinson,haitchinson6d@forbes.com,Agender,101.216.27.161
231,Pascal,Elphick,pelphick6e@un.org,Polygender,166.89.121.84
232,Hill,Figiovanni,hfigiovanni6f@fema.gov,Agender,162.39.100.226
233,Stewart,Houseman,shouseman6g@merriam-webster.com,Agender,226.6.10.156
234,Osmund,Housego,ohousego6h@scientificamerican.com,Male,77.218.14.63
235,Scotty,Prandoni,sprandoni6i@elegantthemes.com,Agender,62.97.47.129
236,Zelma,Langwade,zlangwade6j@dion.ne.jp,Genderqueer,113.229.14.18
237,Marion,Kluss,mkluss6k@dot.gov,Male,3.95.234.187
238,Laney,Slaten,lslaten6l@tuttocitta.it,Genderqueer,139.210.149.145
239,Archaimbaud,Paule,apaule6m@simplemachines.org,Polygender,121.228.213.189
240,Ariadne,Sandars,asandars6n@wunderground.com,Agender,192.63.142.5
241,Willie,Downe,wdowne6o@netscape.com,Genderqueer,48.95.210.130
242,Fitz,Arro,farro6p@washingtonpost.com,Bigender,144.196.248.216
243,Janine,Attwater,jattwater6q@uiuc.edu,Genderfluid,230.180.188.181
244,Richart,Alenshev,ralenshev6r@phpbb.com,Non-binary,127.181.53.128
245,Yankee,Avramovic,yavramovic6s@jalbum.net,Bigender,53.150.180.0
246,Corene,Whinney,cwhinney6t@google.com,Polygender,43.227.196.186
247,Den,Pietzke,dpietzke6u@shop-pro.jp,Genderfluid,197.158.160.19
248,Georgia,Markovic,gmarkovic6v@scribd.com,Non-binary,72.137.240.160
249,Brenda,Gilchriest,bgilchriest6w@odnoklassniki.ru,Polygender,235.91.42.5
250,Welch,Despenser,wdespenser6x@cbslocal.com,Non-binary,108.44.222.146
251,Gal,Stedall,gstedall6y@tiny.cc,Agender,243.190.219.17
252,Lisbeth,Demaine,ldemaine6z@fotki.com,Bigender,55.159.69.8
253,Koralle,Rome,krome70@tinyurl.com,Non-binary,174.113.198.20
254,Alistair,Carus,acarus71@yelp.com,Polygender,209.142.35.151
255,Netty,Shurville,nshurville72@surveymonkey.com,Polygender,230.201.48.189
256,Penrod,Beggan,pbeggan73@samsung.com,Male,129.237.124.132
257,Josh,Edworthye,jedworthye74@marketwatch.com,Non-binary,78.191.175.248
258,Elise,Maslen,emaslen75@ycombinator.com,Polygender,67.58.139.66
259,Carissa,Bonavia,cbonavia76@lycos.com,Male,217.176.211.82
260,Sibbie,Edgar,sedgar77@businessinsider.com,Male,68.123.208.242
261,Mick,Daveren,mdaveren78@msn.com,Non-binary,245.149.11.7
262,Mauricio,Prest,mprest79@fda.gov,Bigender,156.120.7.95
263,Saul,Allot,sallot7a@arstechnica.com,Polygender,109.8.2.2
264,Correy,Holdall,choldall7b@acquirethisname.com,Female,37.122.123.45
265,Sax,Farn,sfarn7c@techcrunch.com,Bigender,48.152.29.32
266,Fons,Btham,fbtham7d@yolasite.com,Male,178.30.111.19
267,Augie,Dockrey,adockrey7e@ebay.co.uk,Female,198.197.72.69
268,Ed,Rallinshaw,erallinshaw7f@epa.gov,Agender,38.180.92.220
269,Tawnya,Littrik,tlittrik7g@craigslist.org,Female,127.155.220.177
270,Abigale,Agius,aagius7h@tmall.com,Polygender,4.95.46.33
271,Ashlin,Whaplington,awhaplington7i@java.com,Bigender,62.58.52.232
272,Kariotta,Fermer,kfermer7j@adobe.com,Female,82.204.31.182
273,Shara,Kildea,skildea7k@discovery.com,Non-binary,97.208.56.43
274,Allison,Jopke,ajopke7l@de.vu,Bigender,228.255.95.119
275,Ossie,Slott,oslott7m@chicagotribune.com,Bigender,158.251.6.16
276,Edna,West-Frimley,ewestfrimley7n@hostgator.com,Female,105.149.9.229
277,Germana,Castagne,gcastagne7o@google.ca,Female,10.120.49.197
278,Chelsey,Taylor,ctaylor7p@ask.com,Male,210.63.58.116
279,Ancell,Bowie,abowie7q@netscape.com,Agender,4.67.73.163
280,Anthiathia,Minihan,aminihan7r@infoseek.co.jp,Genderqueer,241.64.196.183
281,Christophe,Heritege,cheritege7s@cocolog-nifty.com,Female,193.107.50.21
282,Cam,Learmount,clearmount7t@so-net.ne.jp,Female,255.56.60.237
283,Aurthur,Ide,aide7u@elpais.com,Polygender,84.80.209.70
284,Kerwinn,Guiel,kguiel7v@sun.com,Non-binary,181.123.205.157
285,Gustav,Fielders,gfielders7w@irs.gov,Non-binary,133.98.134.9
286,Nita,Brou,nbrou7x@mediafire.com,Non-binary,132.86.42.33
287,Mildrid,Zuker,mzuker7y@addtoany.com,Agender,150.99.241.169
288,Melli,Kiledal,mkiledal7z@ucsd.edu,Bigender,191.221.187.75
289,Duncan,Berthod,dberthod80@businessweek.com,Agender,111.247.46.223
290,Bernadette,Cecere,bcecere81@csmonitor.com,Genderqueer,179.211.170.236
291,Maggi,Aldham,maldham82@taobao.com,Genderqueer,179.184.239.204
292,Arabele,Debill,adebill83@themeforest.net,Polygender,155.237.247.14
293,Elfrida,Bresland,ebresland84@ibm.com,Genderqueer,36.7.101.100
294,Janessa,Pranger,jpranger85@cisco.com,Genderfluid,215.218.236.60
295,Kenton,Pauer,kpauer86@so-net.ne.jp,Female,84.33.228.56
296,Alexei,Heitz,aheitz87@ebay.com,Bigender,75.114.147.242
297,Cristobal,Crockley,ccrockley88@guardian.co.uk,Genderfluid,139.235.36.38
298,Malvina,Fant,mfant89@seattletimes.com,Genderqueer,182.36.13.36
299,Symon,Soda,ssoda8a@usa.gov,Genderfluid,29.132.78.96
300,Emmalee,Edmans,eedmans8b@hostgator.com,Non-binary,247.106.66.168
301,Curry,Tolliday,ctolliday8c@cdbaby.com,Male,148.238.62.254
302,Rianon,Patten,rpatten8d@seattletimes.com,Female,142.97.173.171
303,Ebba,Rodders,erodders8e@techcrunch.com,Agender,185.233.165.33
304,Darcy,Devas,ddevas8f@mlb.com,Female,132.165.127.155
305,Symon,Marzele,smarzele8g@mediafire.com,Polygender,53.88.254.8
306,Crosby,Poone,cpoone8h@loc.gov,Bigender,35.54.57.247
307,Barbie,Moyler,bmoyler8i@sphinn.com,Male,65.48.153.95
308,Lonna,Leyman,lleyman8j@cnbc.com,Agender,150.104.26.183
309,Yasmin,Leveridge,yleveridge8k@shinystat.com,Genderqueer,224.213.69.24
310,Eddy,Donkersley,edonkersley8l@nps.gov,Non-binary,232.236.230.187
311,Inness,Boutflour,iboutflour8m@cornell.edu,Genderqueer,191.129.68.90
312,Anallese,Sowden,asowden8n@addthis.com,Polygender,218.209.159.104
313,Katusha,Eringey,keringey8o@constantcontact.com,Genderfluid,200.100.176.106
314,Gallard,Strute,gstrute8p@noaa.gov,Female,93.69.40.83
315,Terese,Duplock,tduplock8q@youtu.be,Non-binary,218.235.223.24
316,Haley,Wales,hwales8r@omniture.com,Polygender,87.55.52.227
317,Toby,McGilmartin,tmcgilmartin8s@mit.edu,Female,132.115.1.120
318,Garrott,Betje,gbetje8t@wikimedia.org,Female,54.91.163.55
319,Melissa,Odd,modd8u@pinterest.com,Genderqueer,130.90.7.68
320,Yvon,Ewings,yewings8v@zdnet.com,Polygender,18.116.206.227
321,Joshuah,Hedworth,jhedworth8w@moonfruit.com,Genderqueer,202.100.191.26
322,Hannie,Ellph,hellph8x@liveinternet.ru,Male,33.163.58.6
323,Sheelah,Juszczak,sjuszczak8y@unc.edu,Polygender,101.184.164.88
324,Doria,McLane,dmclane8z@networkadvertising.org,Bigender,239.9.96.236
325,Allin,Meus,ameus90@storify.com,Male,22.213.213.61
326,Parrnell,Sheerman,psheerman91@gov.uk,Agender,106.177.66.43
327,Lyndell,O'Dennehy,lodennehy92@unicef.org,Polygender,192.19.82.59
328,Odille,Roddell,oroddell93@si.edu,Polygender,190.84.140.102
329,Ulick,Liell,uliell94@rambler.ru,Genderfluid,11.57.72.41
330,Caritta,Janowicz,cjanowicz95@scribd.com,Female,244.255.47.182
331,Adler,Trorey,atrorey96@i2i.jp,Agender,235.35.214.42
332,Corette,Bream,cbream97@spiegel.de,Genderfluid,233.57.140.202
333,Chiarra,Broune,cbroune98@xinhuanet.com,Male,159.109.33.138
334,Fernande,Buckle,fbuckle99@prlog.org,Agender,22.166.14.190
335,Bartolomeo,MacGilmartin,bmacgilmartin9a@csmonitor.com,Genderfluid,231.135.206.198
336,Sim,Southworth,ssouthworth9b@weebly.com,Bigender,166.116.24.5
337,Krishna,Cosford,kcosford9c@mlb.com,Bigender,185.212.191.165
338,Deeyn,Pluthero,dpluthero9d@craigslist.org,Male,201.189.79.85
339,Jarrad,Hanniger,jhanniger9e@nih.gov,Non-binary,190.226.74.89
340,Rachelle,Breakey,rbreakey9f@sphinn.com,Genderfluid,180.232.234.30
341,Adolf,Stidworthy,astidworthy9g@biglobe.ne.jp,Genderqueer,211.200.117.67
342,Ninette,Collip,ncollip9h@etsy.com,Bigender,205.101.64.253
343,Kaleena,Loveland,kloveland9i@shareasale.com,Agender,105.134.179.202
344,Leandra,Fairbairn,lfairbairn9j@harvard.edu,Female,7.16.72.221
345,Charmain,Lasham,clasham9k@ifeng.com,Bigender,114.156.151.38
346,Shea,Garford,sgarford9l@bluehost.com,Bigender,29.247.1.143
347,Aleda,MacCole,amaccole9m@chronoengine.com,Bigender,226.57.237.196
348,Jeremias,Priel,jpriel9n@deliciousdays.com,Male,106.251.180.213
349,Khalil,Dukesbury,kdukesbury9o@blog.com,Bigender,199.76.130.181
350,Ardine,Corneil,acorneil9p@yellowpages.com,Genderfluid,114.114.174.214
351,Ruggiero,Telfer,rtelfer9q@shinystat.com,Agender,50.86.162.214
352,Lurline,Grindell,lgrindell9r@bizjournals.com,Female,8.15.145.29
353,Monique,Gerlack,mgerlack9s@shutterfly.com,Bigender,128.100.196.160
354,Griffin,Beldum,gbeldum9t@instagram.com,Genderfluid,51.166.123.170
355,Jeramey,Kassidy,jkassidy9u@t-online.de,Male,91.61.192.19
356,Ludvig,Lilywhite,llilywhite9v@icio.us,Genderfluid,234.130.28.2
357,Torrie,Belliard,tbelliard9w@google.cn,Bigender,197.213.182.194
358,Britt,Lawrenz,blawrenz9x@hao123.com,Genderfluid,236.42.161.239
359,Elmo,Emlyn,eemlyn9y@goo.gl,Non-binary,13.225.121.244
360,Nichol,Swett,nswett9z@studiopress.com,Genderfluid,177.47.112.48
361,Peder,Montel,pmontela0@utexas.edu,Bigender,0.54.126.1
362,Fidela,Burgis,fburgisa1@biblegateway.com,Genderfluid,185.18.172.213
363,Edithe,Lathe,elathea2@ed.gov,Agender,155.169.60.76
364,Nelly,Lenglet,nlengleta3@mashable.com,Non-binary,72.8.8.5
365,Loutitia,Mc Harg,lmcharga4@usa.gov,Bigender,85.38.180.198
366,Mignonne,Colecrough,mcolecrougha5@examiner.com,Genderfluid,147.241.213.17
367,Liza,Mowles,lmowlesa6@slashdot.org,Polygender,116.233.26.160
368,Moritz,Gilfoy,mgilfoya7@google.de,Bigender,27.205.75.143
369,Tammie,Sunner,tsunnera8@youtu.be,Male,0.249.248.111
370,Alejoa,Fergusson,afergussona9@chron.com,Male,110.43.83.228
371,Annora,Phillcock,aphillcockaa@i2i.jp,Agender,195.151.209.68
372,Aldric,Kaine,akaineab@tripod.com,Bigender,64.14.67.2
373,Ronnie,Antoniottii,rantoniottiiac@skype.com,Bigender,199.171.177.158
374,Angel,Sellar,asellarad@illinois.edu,Bigender,231.133.59.255
375,Marline,Newborn,mnewbornae@biblegateway.com,Female,211.176.205.158
376,Kristofer,Asmus,kasmusaf@unesco.org,Female,178.80.166.213
377,Iona,Airy,iairyag@fc2.com,Genderqueer,66.21.70.208
378,Kerstin,Assender,kassenderah@technorati.com,Genderfluid,87.146.72.108
379,Dimitri,Dwelly,ddwellyai@mail.ru,Agender,201.220.7.92
380,Whit,Bjorkan,wbjorkanaj@aboutads.info,Genderqueer,85.78.220.61
381,Carole,Ragsdall,cragsdallak@apache.org,Genderqueer,211.25.183.117
382,Cullie,Croydon,ccroydonal@nationalgeographic.com,Male,227.43.199.167
383,Filip,Brasseur,fbrasseuram@bloomberg.com,Genderfluid,71.109.218.101
384,Holly-anne,Ledwitch,hledwitchan@rambler.ru,Non-binary,254.29.223.213
385,Heidie,Lilburne,hlilburneao@nps.gov,Polygender,118.255.13.52
386,Shawnee,Dewhirst,sdewhirstap@salon.com,Genderfluid,106.138.219.184
387,Janaya,Heibl,jheiblaq@taobao.com,Genderfluid,115.112.0.128
388,Alfonse,Jouen,ajouenar@sogou.com,Polygender,147.124.218.98
389,Zerk,Dankov,zdankovas@ca.gov,Bigender,150.245.196.245
390,Adaline,Dilley,adilleyat@biblegateway.com,Genderfluid,149.76.18.6
391,Miranda,Hovard,mhovardau@mlb.com,Bigender,86.42.218.14
392,Giffard,Tournay,gtournayav@elegantthemes.com,Female,192.126.100.74
393,Annmarie,Lukasen,alukasenaw@t-online.de,Non-binary,207.78.35.98
394,Milli,Mattersey,mmatterseyax@biblegateway.com,Bigender,208.107.71.155
395,Peg,Mapp,pmappay@linkedin.com,Bigender,195.153.169.205
396,Markos,Paslow,mpaslowaz@moonfruit.com,Male,207.106.98.4
397,Bekki,Bartoszewski,bbartoszewskib0@redcross.org,Genderfluid,187.65.171.96
398,Guendolen,Tampion,gtampionb1@drupal.org,Female,18.3.246.89
399,Rusty,Wintour,rwintourb2@wp.com,Non-binary,41.198.194.20
400,Tynan,Thorold,tthoroldb3@spotify.com,Agender,51.89.23.210
401,Bev,Dodman,bdodmanb4@issuu.com,Agender,18.243.26.44
402,Aubine,Scintsbury,ascintsburyb5@pagesperso-orange.fr,Genderqueer,198.37.12.95
403,Bert,Barks,bbarksb6@cyberchimps.com,Bigender,67.88.227.106
404,Libbi,Balke,lbalkeb7@cnet.com,Genderfluid,155.137.71.52
405,Laird,Alcoran,lalcoranb8@wordpress.org,Bigender,94.157.183.154
406,Kurtis,Satford,ksatfordb9@etsy.com,Agender,148.234.77.168
407,Christye,Calleja,ccallejaba@yellowbook.com,Genderfluid,236.142.104.0
408,Simone,Giraths,sgirathsbb@canalblog.com,Male,180.78.129.39
409,Jessalin,Parley,jparleybc@gravatar.com,Genderqueer,61.151.72.237
410,Arielle,Felder,afelderbd@umich.edu,Genderqueer,97.242.142.18
411,Guy,Beardwell,gbeardwellbe@icio.us,Non-binary,21.227.223.61
412,Asia,Boness,abonessbf@zdnet.com,Female,2.203.148.143
413,Kalil,Gourlie,kgourliebg@microsoft.com,Bigender,189.21.136.252
414,Chris,Bonwell,cbonwellbh@cisco.com,Genderqueer,117.9.28.0
415,Agnella,Keeffe,akeeffebi@vk.com,Agender,207.249.93.191
416,Kellie,Le Sarr,klesarrbj@noaa.gov,Agender,49.127.204.56
417,Trevor,Croston,tcrostonbk@instagram.com,Male,125.196.29.9
418,Isidora,Chess,ichessbl@blogs.com,Genderqueer,162.29.90.174
419,Myer,Beamont,mbeamontbm@slashdot.org,Bigender,176.157.252.203
420,Georgie,Marginson,gmarginsonbn@php.net,Female,81.245.254.46
421,Silvain,Mudge,smudgebo@sfgate.com,Polygender,148.68.116.218
422,Zelda,Brisco,zbriscobp@over-blog.com,Male,54.168.152.18
423,Angeli,Schwant,aschwantbq@irs.gov,Bigender,215.240.177.26
424,Deloris,Muddimer,dmuddimerbr@comsenz.com,Genderfluid,28.138.5.222
425,Adrian,Lemanu,alemanubs@archive.org,Female,222.150.128.235
426,Glennie,D'Agostino,gdagostinobt@cocolog-nifty.com,Female,112.167.33.47
427,Lucas,Litt,llittbu@sphinn.com,Agender,78.202.65.217
428,Henka,Yo,hyobv@linkedin.com,Female,27.228.74.182
429,Kial,Edgeworth,kedgeworthbw@biblegateway.com,Genderfluid,222.69.60.71
430,Cammy,Sudron,csudronbx@biblegateway.com,Polygender,12.97.63.18
431,Rozina,Champkins,rchampkinsby@w3.org,Bigender,51.222.230.106
432,Dale,Culshew,dculshewbz@google.pl,Genderqueer,169.235.24.162
433,Stuart,Leete,sleetec0@opera.com,Agender,211.198.153.185
434,Herta,Wurst,hwurstc1@msn.com,Male,140.186.70.21
435,Milicent,Lambole,mlambolec2@people.com.cn,Agender,18.25.51.167
436,Hubert,Magovern,hmagovernc3@cornell.edu,Polygender,12.218.227.29
437,Gale,Downer,gdownerc4@goo.gl,Male,184.125.132.13
438,Buiron,Enderson,bendersonc5@altervista.org,Agender,244.248.30.255
439,Benn,Howen,bhowenc6@google.it,Non-binary,255.62.142.138
440,Harley,Santacrole,hsantacrolec7@usatoday.com,Polygender,36.250.62.177
441,Zedekiah,Rupke,zrupkec8@oaic.gov.au,Female,5.251.227.124
442,Waite,Done,wdonec9@mit.edu,Female,248.57.52.186
443,Cherice,Widocks,cwidocksca@sun.com,Bigender,245.87.132.147
444,Vanni,McCafferky,vmccafferkycb@npr.org,Male,107.200.141.197
445,Evita,Davydkov,edavydkovcc@bloomberg.com,Bigender,179.85.212.19
446,Vernice,McIlhagga,vmcilhaggacd@gmpg.org,Genderqueer,88.53.198.143
447,Katine,Hawkins,khawkinsce@qq.com,Genderqueer,198.6.117.211
448,Waring,Wyld,wwyldcf@bizjournals.com,Agender,134.208.241.183
449,Sarena,Caesman,scaesmancg@delicious.com,Agender,151.10.208.99
450,Greer,Terbrug,gterbrugch@economist.com,Polygender,233.141.172.215
451,Ivonne,Blagburn,iblagburnci@ycombinator.com,Genderfluid,120.231.12.231
452,Keir,Noen,knoencj@ustream.tv,Genderfluid,241.66.133.248
453,Zulema,Carryer,zcarryerck@wiley.com,Bigender,43.136.247.29
454,Nicolle,MacAiline,nmacailinecl@about.me,Male,162.57.3.38
455,Cornela,Grenville,cgrenvillecm@t-online.de,Non-binary,70.157.128.229
456,Suzi,Danilevich,sdanilevichcn@who.int,Male,84.8.96.253
457,Natty,Furniss,nfurnissco@topsy.com,Non-binary,134.164.32.21
458,Melodie,Bloodworth,mbloodworthcp@arizona.edu,Agender,151.56.198.237
459,Dylan,Burgisi,dburgisicq@gnu.org,Male,21.8.219.254
460,Jenda,Withnall,jwithnallcr@dailymail.co.uk,Genderfluid,27.207.151.104
461,Mohandis,Burbridge,mburbridgecs@dropbox.com,Non-binary,53.237.58.213
462,Cookie,Melross,cmelrossct@house.gov,Male,158.9.29.79
463,Ebeneser,Galtone,egaltonecu@engadget.com,Female,29.136.225.166
464,Roxie,FitzGilbert,rfitzgilbertcv@google.pl,Male,195.147.18.248
465,Dame,Michieli,dmichielicw@globo.com,Female,100.60.90.103
466,Tracie,Purvey,tpurveycx@answers.com,Genderfluid,183.127.138.102
467,Derril,Tunkin,dtunkincy@cbslocal.com,Polygender,48.92.228.108
468,Germain,Edwardes,gedwardescz@ucla.edu,Bigender,126.47.52.181
469,Mirilla,Hammer,mhammerd0@meetup.com,Agender,240.190.95.57
470,Rustin,Bloschke,rbloschked1@istockphoto.com,Genderfluid,116.157.244.110
471,Natassia,Menichini,nmenichinid2@geocities.jp,Polygender,71.28.140.251
472,Ronnie,Tweddle,rtweddled3@springer.com,Non-binary,218.179.99.96
473,Corri,Fasler,cfaslerd4@ow.ly,Female,108.19.133.124
474,Freedman,Kelling,fkellingd5@instagram.com,Agender,45.79.197.51
475,Leese,Lynn,llynnd6@usa.gov,Polygender,102.153.29.149
476,Ashley,Ardy,aardyd7@paginegialle.it,Genderfluid,63.231.63.149
477,Veronica,Brosi,vbrosid8@goo.gl,Genderqueer,148.91.189.178
478,Kaspar,Dussy,kdussyd9@live.com,Genderqueer,221.122.63.91
479,Madelaine,Kondratenya,mkondratenyada@apple.com,Agender,106.50.242.138
480,Roseann,Wisher,rwisherdb@si.edu,Female,220.212.40.133
481,Hartley,Soanes,hsoanesdc@uol.com.br,Non-binary,207.108.52.28
482,Maitilde,Heeley,mheeleydd@cafepress.com,Agender,53.148.144.225
483,Walton,Rawsthorne,wrawsthornede@economist.com,Genderfluid,40.116.170.230
484,Klement,McCray,kmccraydf@ning.com,Polygender,8.211.211.183
485,Bree,Squirrel,bsquirreldg@theatlantic.com,Agender,39.236.9.253
486,Nell,Walhedd,nwalhedddh@weibo.com,Polygender,150.7.215.34
487,Warde,Hexum,whexumdi@istockphoto.com,Polygender,137.122.107.122
488,Reggie,Rieflin,rrieflindj@princeton.edu,Genderfluid,115.172.139.174
489,Gordie,Bonham,gbonhamdk@wp.com,Female,166.2.179.89
490,Brnaba,Gheeorghie,bgheeorghiedl@harvard.edu,Agender,113.65.211.215
491,Pauli,Nussey,pnusseydm@indiatimes.com,Non-binary,175.116.61.82
492,Shawnee,Bryan,sbryandn@dailymotion.com,Genderqueer,191.243.122.245
493,Kippy,Patesel,kpateseldo@reddit.com,Non-binary,120.134.250.233
494,Frederick,Thaxton,fthaxtondp@zimbio.com,Genderqueer,224.174.1.5
495,Callida,Hembrow,chembrowdq@example.com,Agender,136.76.142.235
496,Lacee,Gainor,lgainordr@seesaa.net,Non-binary,139.40.79.103
497,Aleksandr,Firks,afirksds@moonfruit.com,Genderfluid,202.67.148.222
498,Roana,Nuton,rnutondt@wsj.com,Male,5.162.173.58
499,Putnem,Curtin,pcurtindu@wikipedia.org,Genderfluid,121.19.101.29
500,Saree,Gaskins,sgaskinsdv@narod.ru,Agender,190.47.69.25
501,Laverne,Pallister,lpallisterdw@facebook.com,Male,240.128.249.164
502,Gertrude,Van Arsdall,gvanarsdalldx@trellian.com,Female,136.185.0.244
503,Renaldo,Carbry,rcarbrydy@addtoany.com,Male,101.215.21.102
504,Britni,Wevell,bwevelldz@a8.net,Agender,183.58.37.94
505,Adel,Dadswell,adadswelle0@comsenz.com,Agender,79.186.112.72
506,Jamill,Kelner,jkelnere1@elegantthemes.com,Bigender,111.238.160.219
507,Keely,Cristofolo,kcristofoloe2@list-manage.com,Non-binary,165.195.128.25
508,Inigo,Oloshkin,ioloshkine3@pen.io,Female,161.152.73.149
509,Hayley,Broady,hbroadye4@buzzfeed.com,Agender,137.129.79.184
510,Audie,Bricklebank,abricklebanke5@skype.com,Male,207.63.249.42
511,Friederike,Saull,fsaulle6@dmoz.org,Non-binary,80.144.3.255
512,Windy,Kinde,wkindee7@nymag.com,Polygender,152.46.224.212
513,Phedra,Simononsky,psimononskye8@stumbleupon.com,Polygender,198.254.145.25
514,Doe,Mathiassen,dmathiassene9@nba.com,Female,16.179.249.112
515,Natty,Dupre,ndupreea@imgur.com,Male,26.136.153.40
516,Yolande,Proudlove,yproudloveeb@tumblr.com,Polygender,45.81.55.72
517,Rutledge,Radborn,rradbornec@reddit.com,Male,135.52.229.84
518,Juieta,Hammand,jhammanded@oracle.com,Genderfluid,173.81.0.198
519,Guillermo,Bulfoy,gbulfoyee@sitemeter.com,Non-binary,228.121.94.1
520,Sadie,Nowland,snowlandef@cbc.ca,Male,70.155.10.41
521,Eloise,Woolrich,ewoolricheg@histats.com,Bigender,99.153.239.37
522,Saundra,Mebs,smebseh@imgur.com,Female,15.238.70.224
523,Mark,Wanne,mwanneei@cargocollective.com,Polygender,98.206.147.30
524,Marita,Nendick,mnendickej@amazon.de,Polygender,228.40.147.13
525,Herby,Hearst,hhearstek@mozilla.com,Male,14.125.199.146
526,Roz,Fernanando,rfernanandoel@shutterfly.com,Female,255.11.170.2
527,Marcello,Kline,mklineem@spiegel.de,Non-binary,90.232.114.30
528,Charlotta,Colcomb,ccolcomben@typepad.com,Non-binary,20.241.55.130
529,Aeriell,Phizaclea,aphizacleaeo@wikia.com,Non-binary,125.120.246.57
530,Auria,Van Dijk,avandijkep@tiny.cc,Non-binary,125.119.135.75
531,Gregorio,Padula,gpadulaeq@usatoday.com,Non-binary,27.11.80.138
532,Carce,Minnock,cminnocker@gnu.org,Non-binary,13.7.83.248
533,Gypsy,Backshall,gbackshalles@creativecommons.org,Polygender,165.143.224.83
534,Lee,Sabater,lsabateret@answers.com,Non-binary,95.207.191.77
535,Hestia,Antyukhin,hantyukhineu@wsj.com,Polygender,97.118.14.89
536,Jada,Glowinski,jglowinskiev@typepad.com,Female,169.166.199.75
537,Lew,Gwinnel,lgwinnelew@live.com,Genderqueer,115.19.82.193
538,Putnem,Philpots,pphilpotsex@istockphoto.com,Genderfluid,71.230.72.19
539,Gearalt,Ockwell,gockwelley@soundcloud.com,Genderqueer,48.50.137.206
540,Annalee,Hollington,ahollingtonez@ning.com,Female,181.48.95.232
541,Norene,Oxbury,noxburyf0@wikimedia.org,Polygender,67.223.204.177
542,Lynsey,Hutson,lhutsonf1@blogspot.com,Non-binary,120.176.78.73
543,Josepha,Abrahmson,jabrahmsonf2@patch.com,Non-binary,15.2.155.113
544,Andreas,Barrabeale,abarrabealef3@ibm.com,Bigender,124.164.233.33
545,Harper,Veracruysse,hveracruyssef4@tamu.edu,Female,230.148.122.136
546,Benjy,Lutz,blutzf5@wordpress.org,Agender,80.176.179.46
547,Bevin,Muehle,bmuehlef6@cnet.com,Genderqueer,127.86.89.43
548,Emmery,Southorn,esouthornf7@wsj.com,Non-binary,5.146.116.139
549,Luther,Ortiga,lortigaf8@slideshare.net,Genderqueer,103.159.179.150
550,Llewellyn,Wardall,lwardallf9@homestead.com,Female,19.27.50.155
551,Isobel,Monroe,imonroefa@chicagotribune.com,Male,94.248.242.43
552,Base,Fenney,bfenneyfb@sciencedirect.com,Genderfluid,227.81.84.206
553,Libby,Jeskin,ljeskinfc@wikimedia.org,Female,21.78.71.214
554,Valentine,McAree,vmcareefd@dedecms.com,Genderfluid,171.111.143.125
555,Victoir,Veale,vvealefe@so-net.ne.jp,Non-binary,157.36.67.97
556,Bella,Ensor,bensorff@salon.com,Male,98.81.66.0
557,Neville,Colvie,ncolviefg@wikipedia.org,Male,62.87.71.89
558,Kim,Pordal,kpordalfh@edublogs.org,Genderfluid,167.42.195.166
559,Blinni,Mazella,bmazellafi@xrea.com,Genderqueer,246.11.167.22
560,Oran,Cawley,ocawleyfj@japanpost.jp,Non-binary,230.193.249.225
561,Catrina,Dozdill,cdozdillfk@twitpic.com,Non-binary,28.132.79.219
562,Briney,Goose,bgoosefl@youtube.com,Polygender,208.66.230.250
563,Carlen,Grahame,cgrahamefm@bbc.co.uk,Genderqueer,230.144.84.188
564,Lauren,Wasteney,lwasteneyfn@who.int,Male,148.138.127.217
565,Marian,Lowman,mlowmanfo@archive.org,Non-binary,101.120.206.80
566,Dennie,Bilsford,dbilsfordfp@jiathis.com,Genderqueer,73.230.96.194
567,Hillary,Thurstan,hthurstanfq@diigo.com,Female,141.252.198.74
568,Hedvig,Sinfield,hsinfieldfr@moonfruit.com,Female,211.59.56.214
569,Nanny,Nancekivell,nnancekivellfs@godaddy.com,Non-binary,102.109.162.200
570,Gabrila,Prescote,gprescoteft@google.com.br,Genderfluid,155.218.230.229
571,Faye,Maxworthy,fmaxworthyfu@ehow.com,Bigender,54.121.121.228
572,Cyb,Michelle,cmichellefv@csmonitor.com,Genderqueer,158.176.154.24
573,Murial,Dumingo,mdumingofw@webs.com,Non-binary,169.247.21.15
574,Alyse,Coathup,acoathupfx@about.com,Non-binary,41.204.162.176
575,Rosemaria,Babalola,rbabalolafy@microsoft.com,Non-binary,178.108.195.215
576,Demeter,Powley,dpowleyfz@google.com.hk,Genderqueer,16.179.121.70
577,Sayre,Benley,sbenleyg0@loc.gov,Bigender,224.56.173.145
578,Windy,Moscon,wmoscong1@altervista.org,Female,46.69.242.133
579,Amalee,Linfield,alinfieldg2@boston.com,Genderqueer,94.248.91.160
580,Marleen,Paute,mpauteg3@unc.edu,Genderfluid,82.57.71.59
581,Wilma,Keuning,wkeuningg4@dedecms.com,Non-binary,29.102.206.93
582,Nissa,MacNeilley,nmacneilleyg5@weibo.com,Bigender,143.20.86.66
583,Manda,O'Daly,modalyg6@com.com,Male,232.75.165.243
584,Normand,Felstead,nfelsteadg7@walmart.com,Agender,168.47.195.36
585,Norri,Jelk,njelkg8@4shared.com,Genderqueer,225.139.20.147
586,Cirillo,Karolowski,ckarolowskig9@bloomberg.com,Female,182.226.29.149
587,Zebulen,Easterfield,zeasterfieldga@imdb.com,Bigender,159.117.67.224
588,Rona,Nurcombe,rnurcombegb@purevolume.com,Female,56.62.199.186
589,Cele,Moralee,cmoraleegc@ustream.tv,Polygender,253.205.64.135
590,Dom,Kneath,dkneathgd@nasa.gov,Genderqueer,28.239.219.86
591,Daniella,Starsmore,dstarsmorege@princeton.edu,Female,20.236.158.2
592,Marlow,Palser,mpalsergf@networkadvertising.org,Non-binary,29.113.191.140
593,Lazaro,Volkers,lvolkersgg@taobao.com,Polygender,76.239.124.210
594,Chrisse,Blasius,cblasiusgh@newsvine.com,Polygender,190.147.7.132
595,Jamal,Faithfull,jfaithfullgi@hostgator.com,Polygender,82.202.134.204
596,Ettore,Bennetts,ebennettsgj@google.ru,Genderfluid,74.182.185.154
597,Jacob,Wissby,jwissbygk@wikimedia.org,Male,10.138.206.194
598,Alameda,Badman,abadmangl@youtu.be,Polygender,12.104.251.202
599,Herminia,Penbarthy,hpenbarthygm@squarespace.com,Non-binary,123.251.94.161
600,Yuri,Itzkovich,yitzkovichgn@oracle.com,Genderqueer,240.108.187.184
601,Charyl,Kebbell,ckebbellgo@toplist.cz,Non-binary,165.145.180.87
602,Marlyn,Costley,mcostleygp@4shared.com,Agender,13.184.204.246
603,Sherrie,Lanfear,slanfeargq@sourceforge.net,Female,142.10.177.251
604,Claudia,Kittiman,ckittimangr@kickstarter.com,Non-binary,94.70.144.255
605,Marilee,Biset,mbisetgs@booking.com,Female,71.180.17.251
606,Neale,Feaver,nfeavergt@homestead.com,Genderfluid,147.220.103.102
607,Darrelle,Cheine,dcheinegu@chron.com,Genderfluid,64.61.210.165
608,Stacee,Moneti,smonetigv@miibeian.gov.cn,Polygender,203.36.108.89
609,Irene,Evennett,ievennettgw@upenn.edu,Male,0.188.183.5
610,Jacquelynn,Pardal,jpardalgx@nps.gov,Female,114.193.90.100
611,Penelopa,Andrysek,pandrysekgy@over-blog.com,Agender,18.114.190.187
612,Raymond,Gemnett,rgemnettgz@google.com.br,Genderqueer,158.145.148.158
613,Kikelia,Ziemen,kziemenh0@ucla.edu,Agender,145.24.202.243
614,Rosamond,Persian,rpersianh1@reddit.com,Polygender,230.187.3.5
615,Kaitlin,McGlaughn,kmcglaughnh2@feedburner.com,Genderfluid,0.66.83.235
616,Emlen,Bugbird,ebugbirdh3@prweb.com,Genderfluid,229.193.180.50
617,Ingaborg,Blinerman,iblinermanh4@list-manage.com,Genderqueer,112.129.180.50
618,Mirelle,Jiras,mjirash5@4shared.com,Polygender,225.39.66.184
619,Mendel,Walczak,mwalczakh6@rakuten.co.jp,Genderfluid,136.25.108.66
620,Chrissy,Marmon,cmarmonh7@sbwire.com,Genderqueer,172.188.13.12
621,Godart,Amner,gamnerh8@desdev.cn,Male,8.24.195.9
622,Kristen,Yerill,kyerillh9@blogs.com,Non-binary,185.94.228.169
623,Shari,Marti,smartiha@nhs.uk,Male,56.214.139.227
624,Suzie,McSweeney,smcsweeneyhb@tmall.com,Female,248.154.159.250
625,Lynnett,Humphrey,lhumphreyhc@epa.gov,Genderfluid,178.45.111.19
626,Rochell,Huortic,rhuortichd@ed.gov,Non-binary,191.120.213.117
627,Loretta,Kleeborn,lkleebornhe@salon.com,Male,118.193.22.56
628,Demetri,Rogge,droggehf@yandex.ru,Genderqueer,236.131.83.66
629,Lanny,Whetnell,lwhetnellhg@usnews.com,Genderfluid,199.184.45.85
630,Oliviero,Mattheis,omattheishh@arstechnica.com,Male,93.187.62.77
631,Seamus,Scarisbrick,sscarisbrickhi@mail.ru,Non-binary,147.28.240.117
632,Patsy,Valler,pvallerhj@wikia.com,Genderfluid,37.12.210.211
633,Terrel,Gout,tgouthk@stanford.edu,Male,38.60.56.212
634,Cybill,Luebbert,cluebberthl@berkeley.edu,Male,123.10.124.6
635,Bidget,Deely,bdeelyhm@cocolog-nifty.com,Female,102.100.40.28
636,Leone,Phant,lphanthn@about.me,Polygender,13.144.87.100
637,Edna,Morstatt,emorstattho@zimbio.com,Female,123.4.64.223
638,Kayley,Wrench,kwrenchhp@nifty.com,Male,52.222.154.13
639,Corbie,Jeayes,cjeayeshq@wp.com,Agender,221.254.167.71
640,Fredia,Lamba,flambahr@virginia.edu,Bigender,151.2.206.142
641,Susan,Thornthwaite,sthornthwaitehs@pbs.org,Genderqueer,20.217.141.150
642,Deonne,Crocombe,dcrocombeht@dedecms.com,Bigender,90.27.147.137
643,Terrence,Mitskevich,tmitskevichhu@flavors.me,Bigender,185.138.87.87
644,Ervin,Muriel,emurielhv@newsvine.com,Female,143.160.175.174
645,Sansone,Joinsey,sjoinseyhw@xinhuanet.com,Non-binary,242.73.204.171
646,Dorian,Taylor,dtaylorhx@dot.gov,Genderqueer,169.193.32.190
647,Alicea,Thripp,athripphy@yahoo.com,Genderfluid,68.247.14.242
648,Shandy,Shemilt,sshemilthz@auda.org.au,Non-binary,178.174.176.227
649,Marilee,Alen,maleni0@plala.or.jp,Polygender,64.153.124.66
650,Trudie,Bellfield,tbellfieldi1@loc.gov,Agender,187.5.188.113
651,Zorah,Bakster,zbaksteri2@nhs.uk,Non-binary,231.37.190.229
652,Caria,Ramalhete,cramalhetei3@163.com,Genderqueer,178.179.83.126
653,Martynne,Elie,meliei4@youtu.be,Agender,168.121.149.32
654,Godfree,O'Daly,godalyi5@eepurl.com,Bigender,23.11.28.12
655,Cathie,Biasini,cbiasinii6@creativecommons.org,Male,150.240.181.201
656,Trenna,Grigolon,tgrigoloni7@4shared.com,Bigender,18.125.232.155
657,Arlee,Faulds,afauldsi8@tinypic.com,Bigender,237.220.194.93
658,Terrel,Wootton,twoottoni9@shutterfly.com,Agender,214.133.70.56
659,Nonnah,Harrismith,nharrismithia@yahoo.co.jp,Genderfluid,59.36.45.144
660,Whitby,Eleshenar,weleshenarib@dmoz.org,Polygender,146.8.227.47
661,Livia,Brennon,lbrennonic@woothemes.com,Polygender,42.247.213.93
662,Bev,Boal,bboalid@parallels.com,Genderfluid,126.163.218.90
663,Kalli,Mainland,kmainlandie@moonfruit.com,Male,189.83.237.230
664,Lula,Nixon,lnixonif@telegraph.co.uk,Genderqueer,58.122.26.4
665,Klarika,Beakes,kbeakesig@smh.com.au,Genderfluid,30.74.80.16
666,Emmalynn,Howey,ehoweyih@hugedomains.com,Non-binary,131.128.158.181
667,Elisa,Gaize,egaizeii@lulu.com,Genderfluid,148.29.56.167
668,Peder,Kuban,pkubanij@washington.edu,Genderfluid,84.113.176.165
669,Augusto,Vice,aviceik@de.vu,Agender,76.223.215.125
670,Whitman,Bauduin,wbauduinil@mapquest.com,Genderfluid,117.184.123.112
671,Jillane,Manclark,jmanclarkim@tuttocitta.it,Genderqueer,180.91.60.147
672,Norry,Karlicek,nkarlicekin@usnews.com,Polygender,13.41.240.48
673,Tannie,McBride,tmcbrideio@scribd.com,Female,117.21.243.128
674,Farrell,Robroe,frobroeip@is.gd,Female,167.208.253.44
675,Kelvin,Goldin,kgoldiniq@last.fm,Male,70.19.246.217
676,Eldin,Cutforth,ecutforthir@spotify.com,Genderfluid,100.34.116.236
677,Freddi,Feathers,ffeathersis@jalbum.net,Genderfluid,110.82.225.100
678,Jedd,Budding,jbuddingit@usatoday.com,Polygender,4.251.126.50
679,Tobit,Demicoli,tdemicoliiu@soup.io,Agender,225.194.42.39
680,Dacy,Polland,dpollandiv@ed.gov,Genderqueer,96.139.183.235
681,Arlen,Wyeld,awyeldiw@oaic.gov.au,Female,193.202.118.178
682,Marmaduke,Smewings,msmewingsix@artisteer.com,Bigender,118.173.3.145
683,Brett,Rowley,browleyiy@qq.com,Polygender,81.112.169.8
684,Vernon,Cashley,vcashleyiz@plala.or.jp,Polygender,49.43.135.206
685,Julian,Dufty,jduftyj0@gravatar.com,Male,94.176.9.204
686,Morten,Hickin,mhickinj1@harvard.edu,Bigender,224.26.73.166
687,Frank,Gibbonson,fgibbonsonj2@scribd.com,Non-binary,194.167.162.155
688,Tildi,Sidwell,tsidwellj3@chron.com,Agender,179.8.31.193
689,Lindsay,Posen,lposenj4@live.com,Polygender,73.142.86.93
690,Guendolen,Brymner,gbrymnerj5@home.pl,Genderqueer,181.94.74.110
691,Deni,Angeli,dangelij6@exblog.jp,Male,46.78.50.231
692,Eustace,Tegeller,etegellerj7@oaic.gov.au,Polygender,4.74.104.82
693,Filbert,Kneath,fkneathj8@lycos.com,Female,39.193.164.164
694,Derrick,Janisson,djanissonj9@google.com.br,Genderfluid,58.93.80.18
695,Annamarie,Lind,alindja@moonfruit.com,Genderfluid,11.231.232.5
696,Eziechiele,Trickett,etrickettjb@qq.com,Bigender,192.218.48.111
697,Debor,Stiger,dstigerjc@blogtalkradio.com,Bigender,224.155.214.23
698,Bessie,Pope,bpopejd@about.com,Female,90.20.92.217
699,Rodrick,Radleigh,rradleighje@vinaora.com,Genderqueer,203.60.254.146
700,Marcille,Fogt,mfogtjf@drupal.org,Female,146.36.114.32
701,Thorvald,Scamel,tscameljg@google.com,Female,179.162.100.132
702,Gareth,Claige,gclaigejh@tinyurl.com,Bigender,26.187.137.227
703,Anestassia,Castagneri,acastagneriji@fda.gov,Female,108.117.32.229
704,Garreth,Herreran,gherreranjj@globo.com,Female,236.223.54.37
705,Jemie,Lindstedt,jlindstedtjk@hao123.com,Bigender,194.236.255.33
706,Constance,Iacovone,ciacovonejl@ifeng.com,Agender,205.28.3.110
707,Aurelia,Corfield,acorfieldjm@amazon.co.jp,Non-binary,75.181.207.114
708,Delilah,Buttwell,dbuttwelljn@illinois.edu,Female,139.210.2.64
709,Elmira,Kennedy,ekennedyjo@china.com.cn,Polygender,8.118.48.11
710,Layne,Grinnikov,lgrinnikovjp@newsvine.com,Non-binary,39.21.119.118
711,Claudelle,Petrusch,cpetruschjq@theatlantic.com,Polygender,77.213.228.31
712,Marijo,Gregoire,mgregoirejr@jiathis.com,Agender,121.149.192.95
713,Tobiah,Dudenie,tdudeniejs@live.com,Polygender,168.253.197.169
714,Lynelle,Arens,larensjt@umich.edu,Male,221.127.139.110
715,Mariam,Apperley,mapperleyju@indiegogo.com,Genderqueer,197.129.30.229
716,Chrystal,Beddard,cbeddardjv@yandex.ru,Bigender,228.136.139.1
717,Orazio,Hollyer,ohollyerjw@huffingtonpost.com,Polygender,36.39.61.35
718,Mirna,Chrisp,mchrispjx@google.pl,Female,33.225.216.37
719,Kellyann,Bance,kbancejy@abc.net.au,Genderfluid,116.118.201.163
720,Gamaliel,Theakston,gtheakstonjz@nbcnews.com,Male,38.62.207.154
721,Nannie,Condliffe,ncondliffek0@unblog.fr,Male,131.13.245.66
722,Dorene,Buxcy,dbuxcyk1@kickstarter.com,Polygender,250.254.212.187
723,Ber,Morillas,bmorillask2@samsung.com,Male,63.109.196.138
724,Hope,Hessing,hhessingk3@etsy.com,Polygender,131.60.214.175
725,Rod,Gooderham,rgooderhamk4@cocolog-nifty.com,Polygender,3.141.72.111
726,Anna-maria,Dulinty,adulintyk5@sfgate.com,Female,147.196.244.15
727,Odelle,Lazenby,olazenbyk6@vistaprint.com,Non-binary,221.114.125.179
728,Frances,Salway,fsalwayk7@jiathis.com,Polygender,174.141.169.77
729,Barn,Scholtz,bscholtzk8@com.com,Bigender,58.252.143.54
730,Sophie,Lowrie,slowriek9@furl.net,Bigender,37.139.138.47
731,Linc,Densie,ldensieka@over-blog.com,Genderqueer,93.177.230.173
732,Crichton,Elkins,celkinskb@ustream.tv,Bigender,4.21.212.245
733,Dorothy,Gethen,dgethenkc@yolasite.com,Polygender,181.33.201.29
734,Murial,Ellwood,mellwoodkd@dagondesign.com,Genderfluid,202.51.246.245
735,Jori,Bloxland,jbloxlandke@devhub.com,Female,94.180.99.70
736,Ernest,Preuvost,epreuvostkf@sina.com.cn,Polygender,157.39.157.108
737,Elladine,Dunphie,edunphiekg@blogger.com,Male,215.227.86.98
738,Yetta,Bleakley,ybleakleykh@youtu.be,Non-binary,4.156.64.0
739,Dorotea,Brydie,dbrydieki@jalbum.net,Male,61.55.200.173
740,Caressa,Levins,clevinskj@patch.com,Non-binary,71.197.130.254
741,Shae,MacChaell,smacchaellkk@livejournal.com,Male,134.60.136.235
742,Eugenius,Karpushkin,ekarpushkinkl@disqus.com,Female,126.121.163.111
743,Gawain,Rosewell,grosewellkm@senate.gov,Agender,120.253.23.15
744,Christy,Deport,cdeportkn@gizmodo.com,Genderqueer,218.101.92.116
745,Elaina,Jurgen,ejurgenko@wikia.com,Male,8.179.63.58
746,Gabe,Kaplin,gkaplinkp@marketwatch.com,Bigender,44.31.101.80
747,Marie-ann,Klaussen,mklaussenkq@comsenz.com,Polygender,201.233.170.1
748,Danni,Horning,dhorningkr@gravatar.com,Agender,208.165.142.223
749,Jen,Godbold,jgodboldks@yandex.ru,Male,159.193.47.112
750,Judith,Dorrington,jdorringtonkt@pen.io,Non-binary,86.238.82.128
751,Dahlia,Mc Carroll,dmccarrollku@answers.com,Genderqueer,164.43.101.58
752,Damita,Nozzolii,dnozzoliikv@princeton.edu,Female,5.215.61.226
753,Kacey,Schultheiss,kschultheisskw@cbc.ca,Agender,17.104.202.249
754,Becca,Plenderleith,bplenderleithkx@google.com,Bigender,148.82.62.119
755,Bekki,Whitham,bwhithamky@shinystat.com,Bigender,111.156.202.50
756,Selinda,Swalwel,sswalwelkz@thetimes.co.uk,Female,22.98.1.142
757,Sherye,Fielders,sfieldersl0@plala.or.jp,Agender,104.68.135.130
758,Debby,Bogace,dbogacel1@unc.edu,Female,231.89.221.218
759,Bartram,Litt,blittl2@berkeley.edu,Genderqueer,41.67.82.224
760,Kristal,Jerome,kjeromel3@stanford.edu,Agender,238.56.145.145
761,Tyrus,Stillman,tstillmanl4@sogou.com,Non-binary,45.41.220.127
762,Hillary,Eliet,helietl5@vistaprint.com,Polygender,174.142.133.144
763,Den,Corballis,dcorballisl6@webnode.com,Non-binary,105.9.105.251
764,Rhoda,Pattenden,rpattendenl7@oracle.com,Genderqueer,139.52.41.207
765,Angelique,Riordan,ariordanl8@barnesandnoble.com,Male,255.119.112.16
766,Efrem,Earingey,eearingeyl9@npr.org,Polygender,164.138.27.200
767,Erich,Fritschel,efritschella@soundcloud.com,Bigender,100.221.249.232
768,Nev,Popplestone,npopplestonelb@slideshare.net,Bigender,156.140.9.124
769,Ardys,Denver,adenverlc@nature.com,Female,13.140.205.143
770,Vivienne,Martusewicz,vmartusewiczld@java.com,Agender,148.141.206.8
771,Had,Troy,htroyle@a8.net,Male,57.155.48.220
772,Benjy,Byles,bbyleslf@eventbrite.com,Genderfluid,250.212.233.83
773,Timofei,McDyer,tmcdyerlg@exblog.jp,Polygender,165.246.205.62
774,Viv,Esson,vessonlh@simplemachines.org,Genderfluid,126.18.229.204
775,Carmelita,Enrrico,cenrricoli@illinois.edu,Non-binary,79.11.198.49
776,Ryann,Bance,rbancelj@dailymail.co.uk,Male,34.8.109.113
777,Leesa,Tite,ltitelk@google.com.br,Male,82.109.171.216
778,Tamar,Tiuit,ttiuitll@hostgator.com,Genderqueer,87.142.243.117
779,Corenda,Zamorano,czamoranolm@vkontakte.ru,Polygender,5.69.72.229
780,Wrennie,Vergine,wvergineln@springer.com,Genderfluid,69.0.89.8
781,Marylynne,Canedo,mcanedolo@gnu.org,Polygender,151.226.178.130
782,Vince,Kupper,vkupperlp@imageshack.us,Genderqueer,8.147.94.48
783,Nichole,Welton,nweltonlq@jimdo.com,Female,15.82.52.170
784,Roxana,Dunthorne,rdunthornelr@biglobe.ne.jp,Agender,73.110.220.244
785,Edi,Goring,egoringls@sina.com.cn,Genderqueer,15.36.143.131
786,Hale,McVicar,hmcvicarlt@slideshare.net,Male,220.202.91.42
787,Odie,Stanbury,ostanburylu@disqus.com,Genderfluid,169.29.119.217
788,Lorelei,Axelby,laxelbylv@hp.com,Bigender,194.156.185.14
789,Petra,Boulstridge,pboulstridgelw@1und1.de,Female,188.96.107.134
790,Edlin,Coxhead,ecoxheadlx@comcast.net,Genderfluid,112.211.66.182
791,Shelden,Obert,sobertly@yellowbook.com,Genderqueer,7.180.248.135
792,Jeri,Westmerland,jwestmerlandlz@msu.edu,Bigender,160.103.60.0
793,Milzie,FitzGibbon,mfitzgibbonm0@independent.co.uk,Non-binary,235.202.54.97
794,Rog,Rizon,rrizonm1@webmd.com,Non-binary,174.118.245.105
795,Terri,O'Heagertie,toheagertiem2@gov.uk,Genderqueer,62.31.183.25
796,Rollins,Ede,redem3@instagram.com,Genderqueer,229.235.68.156
797,Gerri,Sealey,gsealeym4@amazon.com,Polygender,212.204.166.244
798,Sofia,Kembry,skembrym5@a8.net,Female,220.243.72.62
799,Consolata,Byford,cbyfordm6@epa.gov,Female,223.119.133.242
800,Jephthah,de Villier,jdevillierm7@instagram.com,Genderfluid,7.152.226.162
801,Roddie,Srawley,rsrawleym8@wiley.com,Bigender,89.137.15.71
802,Benton,Rosbotham,brosbothamm9@twitter.com,Bigender,36.103.153.185
803,Trina,Fairlamb,tfairlambma@a8.net,Polygender,71.204.185.7
804,Dorolice,Hanks,dhanksmb@vistaprint.com,Genderqueer,163.101.156.40
805,Heidie,Benger,hbengermc@photobucket.com,Genderfluid,130.245.108.192
806,Valaria,Towsie,vtowsiemd@nba.com,Bigender,36.105.62.121
807,Golda,McOmish,gmcomishme@4shared.com,Female,190.29.210.115
808,Billye,Paulin,bpaulinmf@accuweather.com,Non-binary,83.83.159.125
809,Curran,Gorcke,cgorckemg@ezinearticles.com,Non-binary,15.116.9.49
810,Bertha,MacPhaden,bmacphadenmh@ucla.edu,Genderfluid,110.192.180.109
811,Jonie,Pandey,jpandeymi@google.fr,Genderfluid,217.128.90.103
812,Ferd,Fairbrass,ffairbrassmj@technorati.com,Genderfluid,66.21.204.191
813,Jillene,Mochar,jmocharmk@paypal.com,Male,57.180.16.39
814,Christalle,Cottie,ccottieml@a8.net,Male,249.84.93.94
815,Belle,Shelp,bshelpmm@networkadvertising.org,Genderfluid,74.153.187.243
816,Barbabas,Jorissen,bjorissenmn@deviantart.com,Agender,177.54.42.120
817,Eula,Reah,ereahmo@dagondesign.com,Non-binary,176.163.112.139
818,Gayler,Edwinson,gedwinsonmp@bizjournals.com,Genderqueer,140.194.30.83
819,Randolf,Lung,rlungmq@mac.com,Agender,5.87.151.190
820,Kenon,Cajkler,kcajklermr@cdbaby.com,Genderfluid,230.198.179.12
821,Lorrie,Flieg,lfliegms@mozilla.org,Genderqueer,86.203.174.86
822,Tobie,Setterfield,tsetterfieldmt@nature.com,Genderqueer,78.30.173.178
823,Milzie,Fassum,mfassummu@ustream.tv,Agender,70.210.172.8
824,Bren,Jeaneau,bjeaneaumv@japanpost.jp,Male,62.22.220.143
825,Brandy,Blease,bbleasemw@usgs.gov,Agender,224.26.33.57
826,Ethan,Foynes,efoynesmx@dailymail.co.uk,Genderqueer,41.5.161.40
827,Hilde,Dearing,hdearingmy@t-online.de,Genderqueer,201.87.166.22
828,Breena,Molloy,bmolloymz@dell.com,Bigender,249.134.21.231
829,Lonni,Skittrell,lskittrelln0@slate.com,Bigender,223.79.141.255
830,Vaughn,Weatherill,vweatherilln1@dot.gov,Genderfluid,7.96.141.185
831,Cinderella,Moulder,cmouldern2@furl.net,Male,85.212.192.109
832,Morna,Guilloneau,mguilloneaun3@cafepress.com,Genderfluid,0.229.248.97
833,Rosalyn,Cutajar,rcutajarn4@hp.com,Polygender,27.87.57.152
834,Nickolas,Leipold,nleipoldn5@free.fr,Genderfluid,61.253.33.83
835,Edyth,Yell,eyelln6@bandcamp.com,Non-binary,66.6.239.200
836,Jesus,Duplock,jduplockn7@sitemeter.com,Agender,131.127.240.48
837,Kiel,Escoffier,kescoffiern8@biglobe.ne.jp,Genderfluid,82.162.167.98
838,Carce,Fielding,cfieldingn9@yellowbook.com,Male,192.244.231.74
839,Leora,Lashley,llashleyna@noaa.gov,Genderqueer,198.226.212.213
840,Marjy,Staten,mstatennb@netlog.com,Agender,31.202.206.35
841,Chandler,Merricks,cmerricksnc@merriam-webster.com,Polygender,120.151.10.22
842,Wilmar,Gryglewski,wgryglewskind@symantec.com,Bigender,121.83.63.122
843,Boyd,Billin,bbillinne@nsw.gov.au,Female,184.138.170.253
844,Oralla,Southcomb,osouthcombnf@thetimes.co.uk,Male,219.238.180.59
845,Whitaker,Gyde,wgydeng@cnn.com,Genderfluid,242.114.221.197
846,Edgardo,Lassell,elassellnh@linkedin.com,Male,230.95.6.82
847,Sula,Siward,ssiwardni@squidoo.com,Male,148.64.33.130
848,Constancy,Guichard,cguichardnj@mail.ru,Bigender,118.167.198.101
849,Marlin,Cromack,mcromacknk@ucoz.com,Agender,189.90.77.200
850,Rodney,Vaskin,rvaskinnl@goo.gl,Polygender,212.108.134.73
851,Lorraine,Comar,lcomarnm@guardian.co.uk,Male,122.17.49.1
852,Korrie,Hegerty,khegertynn@vinaora.com,Bigender,127.163.218.9
853,Kassi,Wherry,kwherryno@furl.net,Genderqueer,116.41.164.180
854,Andris,Cartin,acartinnp@constantcontact.com,Agender,157.159.69.18
855,Kacie,Farmiloe,kfarmiloenq@addthis.com,Bigender,230.164.77.2
856,Janela,Gass,jgassnr@bravesites.com,Polygender,155.107.30.117
857,Bentley,Leathwood,bleathwoodns@studiopress.com,Bigender,22.118.5.75
858,Dwight,Ivantyev,divantyevnt@icq.com,Agender,221.246.97.194
859,Sibelle,Davsley,sdavsleynu@technorati.com,Non-binary,54.24.55.194
860,Jacynth,Assante,jassantenv@google.co.jp,Female,50.241.129.116
861,Kary,Rings,kringsnw@bluehost.com,Bigender,64.208.139.199
862,Sonnnie,Shurville,sshurvillenx@apache.org,Female,36.208.70.108
863,Minne,O' Dooley,modooleyny@google.fr,Female,231.248.7.232
864,Karlen,Steere,ksteerenz@utexas.edu,Polygender,14.180.241.41
865,Carey,Kirwood,ckirwoodo0@so-net.ne.jp,Genderfluid,181.85.229.198
866,Syd,Thring,sthringo1@usda.gov,Non-binary,94.246.94.160
867,Richmound,Maseyk,rmaseyko2@feedburner.com,Non-binary,238.28.183.1
868,Janine,Navarro,jnavarroo3@apple.com,Genderfluid,245.91.28.123
869,Clive,Jefferies,cjefferieso4@uiuc.edu,Female,210.84.182.111
870,Bianca,Herkess,bherkesso5@cpanel.net,Non-binary,108.168.121.193
871,Hansiain,Cawkill,hcawkillo6@bandcamp.com,Non-binary,55.104.181.237
872,Abagael,Dachey,adacheyo7@cocolog-nifty.com,Female,1.27.199.249
873,Barney,Comolli,bcomollio8@4shared.com,Bigender,113.69.223.187
874,Welch,Myatt,wmyatto9@businessinsider.com,Agender,159.184.40.158
875,Veronica,Brasseur,vbrasseuroa@sciencedirect.com,Polygender,144.203.106.208
876,Luca,Cawker,lcawkerob@quantcast.com,Non-binary,140.56.126.22
877,Orel,Faltskog,ofaltskogoc@cloudflare.com,Genderfluid,31.247.222.14
878,Kinnie,Gwalter,kgwalterod@stanford.edu,Polygender,232.92.8.115
879,Jacqueline,Londer,jlonderoe@yandex.ru,Female,204.13.163.233
880,Nikoletta,Guiu,nguiuof@desdev.cn,Genderqueer,11.231.120.243
881,Zacharie,Baylay,zbaylayog@1und1.de,Non-binary,145.97.127.6
882,Gustie,Iorizzo,giorizzooh@wordpress.com,Polygender,232.238.226.190
883,Inglebert,Frude,ifrudeoi@reference.com,Polygender,28.250.183.25
884,Tedman,Grinov,tgrinovoj@narod.ru,Genderfluid,73.156.133.152
885,Burl,Reyne,breyneok@posterous.com,Genderqueer,5.37.191.24
886,Elbertina,Insko,einskool@freewebs.com,Genderfluid,179.19.250.247
887,Drona,Mannie,dmannieom@smh.com.au,Agender,228.199.199.254
888,Clyve,Longley,clongleyon@java.com,Genderqueer,4.150.152.167
889,Cy,Walch,cwalchoo@telegraph.co.uk,Bigender,202.169.77.35
890,Amy,Keddy,akeddyop@live.com,Female,158.131.41.164
891,Celie,Radin,cradinoq@wix.com,Agender,66.95.100.146
892,Blake,Munning,bmunningor@berkeley.edu,Genderfluid,86.181.254.210
893,Pooh,Wudeland,pwudelandos@theguardian.com,Non-binary,230.13.99.130
894,Arabele,Leman,alemanot@noaa.gov,Female,197.196.93.68
895,Steffi,Beauly,sbeaulyou@samsung.com,Female,152.223.29.148
896,Kelcy,Lerway,klerwayov@tripod.com,Genderfluid,201.154.184.118
897,Brooke,Evison,bevisonow@tmall.com,Genderfluid,159.207.26.151
898,Nickolai,Pardon,npardonox@harvard.edu,Female,222.165.32.201
899,Curry,Staines,cstainesoy@oakley.com,Polygender,214.80.156.213
900,Burl,Cheke,bchekeoz@1und1.de,Female,47.170.185.198
901,Elyssa,Jellico,ejellicop0@zimbio.com,Male,63.214.134.195
902,Kirstyn,Regitz,kregitzp1@vistaprint.com,Agender,16.227.72.251
903,Danella,Jarrelt,djarreltp2@hubpages.com,Non-binary,99.50.109.159
904,Dottie,Lindsell,dlindsellp3@answers.com,Male,36.44.44.248
905,Adolph,Oty,aotyp4@hatena.ne.jp,Male,44.114.212.17
906,Basia,Waight,bwaightp5@accuweather.com,Genderfluid,51.136.188.20
907,Sutherlan,Prinne,sprinnep6@yellowpages.com,Non-binary,147.146.180.123
908,Clywd,McKeller,cmckellerp7@meetup.com,Genderqueer,207.187.140.30
909,Gwen,Pavlovic,gpavlovicp8@bing.com,Polygender,113.171.74.1
910,Hagen,Cottrill,hcottrillp9@ucoz.com,Bigender,151.219.19.214
911,Kerry,Vispo,kvispopa@github.com,Non-binary,82.0.15.81
912,Ashlen,Klimov,aklimovpb@google.com.hk,Non-binary,165.49.240.49
913,Dallon,Tambling,dtamblingpc@eepurl.com,Polygender,30.57.89.228
914,Rani,Tupie,rtupiepd@sun.com,Genderqueer,164.1.149.151
915,Mathias,Veryan,mveryanpe@infoseek.co.jp,Non-binary,124.151.221.239
916,Anthia,McAndrew,amcandrewpf@house.gov,Bigender,27.98.54.85
917,Phillipe,Colman,pcolmanpg@pbs.org,Non-binary,216.79.216.32
918,Boycey,Sopper,bsopperph@twitter.com,Bigender,15.141.163.164
919,Zahara,Farryn,zfarrynpi@springer.com,Genderqueer,47.63.128.120
920,Bard,Caunter,bcaunterpj@hao123.com,Male,78.25.248.223
921,Bryana,De Simoni,bdesimonipk@4shared.com,Non-binary,166.138.228.220
922,Bryana,Vaun,bvaunpl@google.it,Polygender,235.116.234.79
923,Roarke,Boyen,rboyenpm@fda.gov,Agender,23.247.133.59
924,Arlen,Sedgemore,asedgemorepn@engadget.com,Male,207.153.241.93
925,Eudora,Beat,ebeatpo@cbsnews.com,Non-binary,210.183.217.3
926,Adelbert,Weatherall,aweatherallpp@indiegogo.com,Male,84.99.196.119
927,Tania,Henrichsen,thenrichsenpq@yellowbook.com,Non-binary,131.6.4.46
928,Juliane,Orrick,jorrickpr@yolasite.com,Genderqueer,31.55.154.236
929,Rosa,Yukhnevich,ryukhnevichps@marketwatch.com,Agender,105.110.66.4
930,Eve,Bukac,ebukacpt@mit.edu,Bigender,156.149.200.75
931,Isac,MacPhee,imacpheepu@goo.ne.jp,Polygender,106.223.215.43
932,Bastien,Liver,bliverpv@wordpress.org,Genderfluid,167.66.19.47
933,Tabbi,Pinckstone,tpinckstonepw@geocities.jp,Agender,40.50.110.144
934,Kathlin,Welbeck,kwelbeckpx@4shared.com,Non-binary,85.139.55.191
935,Arron,Kilmurray,akilmurraypy@alexa.com,Genderqueer,20.164.101.227
936,Edyth,Rappport,erappportpz@arizona.edu,Bigender,243.83.178.221
937,Gabriello,Blaszkiewicz,gblaszkiewiczq0@dedecms.com,Non-binary,71.16.100.106
938,Tamarah,Berford,tberfordq1@businesswire.com,Male,135.4.171.214
939,Alice,Christofle,achristofleq2@parallels.com,Female,110.245.28.139
940,Godfry,Tugman,gtugmanq3@redcross.org,Non-binary,28.252.12.132
941,Francklyn,Leijs,fleijsq4@wired.com,Genderqueer,231.152.203.200
942,Evangelia,Frain,efrainq5@marketwatch.com,Female,51.102.171.242
943,Margie,Crottagh,mcrottaghq6@taobao.com,Female,105.34.227.51
944,Lora,Puckett,lpuckettq7@miibeian.gov.cn,Agender,51.234.97.234
945,Charo,Hadenton,chadentonq8@simplemachines.org,Polygender,26.29.227.237
946,Tova,Grange,tgrangeq9@princeton.edu,Male,94.11.22.206
947,Donni,Mattaser,dmattaserqa@geocities.jp,Non-binary,151.128.105.158
948,Genevieve,Lumber,glumberqb@npr.org,Genderqueer,122.14.9.242
949,Dorry,Gurry,dgurryqc@github.com,Genderfluid,70.103.250.146
950,Christan,Elgey,celgeyqd@dropbox.com,Non-binary,133.11.40.240
951,Carol,Veillard,cveillardqe@jalbum.net,Genderfluid,94.175.150.66
952,Neile,Morson,nmorsonqf@youtube.com,Genderfluid,162.7.32.185
953,Nissie,Chastagnier,nchastagnierqg@about.me,Non-binary,187.180.111.170
954,Edie,Erickssen,eerickssenqh@wp.com,Polygender,33.196.161.88
955,Val,Woodwind,vwoodwindqi@marriott.com,Polygender,173.104.43.111
956,Tara,Lamberteschi,tlamberteschiqj@vimeo.com,Male,66.13.173.24
957,Stoddard,Ksandra,sksandraqk@shop-pro.jp,Male,99.103.238.10
958,Ric,Perello,rperelloql@usgs.gov,Agender,113.143.178.152
959,Karita,Torbett,ktorbettqm@columbia.edu,Agender,166.150.158.60
960,Garrott,Fautley,gfautleyqn@ezinearticles.com,Genderfluid,201.74.125.159
961,Koenraad,Jiroudek,kjiroudekqo@jiathis.com,Female,64.213.255.112
962,Drucy,Booler,dboolerqp@army.mil,Genderfluid,197.163.173.29
963,Wendel,Padwick,wpadwickqq@clickbank.net,Genderqueer,46.9.155.210
964,Goldia,Lindeman,glindemanqr@smugmug.com,Genderfluid,40.74.61.222
965,Rice,Mabbe,rmabbeqs@scientificamerican.com,Genderqueer,152.27.102.145
966,Sissy,Planque,splanqueqt@typepad.com,Agender,177.144.80.110
967,Burty,Leebetter,bleebetterqu@freewebs.com,Female,20.9.172.12
968,Lindi,Bene,lbeneqv@nyu.edu,Male,60.213.166.84
969,Joanne,Nehls,jnehlsqw@ustream.tv,Agender,202.54.70.112
970,Hortense,Lochhead,hlochheadqx@nymag.com,Genderqueer,212.122.38.185
971,Dana,Grishankov,dgrishankovqy@etsy.com,Female,87.17.51.101
972,Claretta,Comellini,ccomelliniqz@paginegialle.it,Bigender,30.53.230.92
973,Nickie,Tupie,ntupier0@alexa.com,Bigender,145.67.213.31
974,Melvyn,Graser,mgraserr1@g.co,Agender,168.218.86.137
975,Hervey,Baumaier,hbaumaierr2@smugmug.com,Genderfluid,50.166.245.84
976,Ximenes,Hembrow,xhembrowr3@hao123.com,Genderfluid,255.20.221.158
977,Emmanuel,Shakespear,eshakespearr4@eepurl.com,Agender,243.119.176.195
978,Kenneth,Brookes,kbrookesr5@weibo.com,Non-binary,182.40.66.59
979,Marji,McGinnell,mmcginnellr6@businessweek.com,Genderfluid,184.27.32.195
980,Nert,Baseley,nbaseleyr7@hexun.com,Female,32.44.248.16
981,Neala,Perrottet,nperrottetr8@multiply.com,Genderfluid,254.236.198.216
982,Odille,Armal,oarmalr9@prweb.com,Genderqueer,126.45.134.229
983,Delbert,Glasscock,dglasscockra@facebook.com,Polygender,86.146.226.169
984,Concordia,Corbitt,ccorbittrb@sfgate.com,Genderqueer,61.33.200.128
985,Wallis,Purdy,wpurdyrc@gmpg.org,Agender,193.67.22.219
986,Windy,Hubach,whubachrd@eventbrite.com,Non-binary,235.129.218.174
987,Keenan,Filby,kfilbyre@ezinearticles.com,Female,229.254.55.200
988,Petronella,Elcombe,pelcomberf@twitpic.com,Female,15.37.110.207
989,Frederigo,Gettings,fgettingsrg@narod.ru,Genderfluid,31.173.165.108
990,Ferguson,Tomlin,ftomlinrh@google.com,Polygender,27.229.141.128
991,Mohandis,Voff,mvoffri@ustream.tv,Genderfluid,191.91.247.184
992,Reese,Sharrocks,rsharrocksrj@opensource.org,Genderfluid,251.16.31.160
993,West,Duckit,wduckitrk@posterous.com,Agender,56.93.203.122
994,Baron,Linnemann,blinnemannrl@istockphoto.com,Bigender,231.187.11.149
995,Thorsten,Luby,tlubyrm@taobao.com,Genderfluid,130.238.96.131
996,Valentine,Propper,vpropperrn@youtube.com,Male,217.199.77.251
997,Eddy,Threlfall,ethrelfallro@plala.or.jp,Non-binary,68.189.57.40
998,Job,Dodridge,jdodridgerp@godaddy.com,Genderqueer,192.33.178.57
999,Yolane,Dykas,ydykasrq@dot.gov,Genderfluid,106.76.24.4
1000,Tony,Ciotto,tciottorr@ucsd.edu,Genderqueer,145.117.85.1
